image_name,algorithm,jpeg90,noise_sigma2,blur,median,bilateral,non_local_means,gamma09,salt_and_pepper,speckle,histogram,motion_blur
img_51.jpg,acme,0.44565217391304346,0.483695652173913,0.4891304347826087,0.17391304347826086,0.5,0.4945652173913043,0.17391304347826086,0.09782608695652174,0.5380434782608695,0.3532608695652174,0.5054347826086957
img_51.jpg,lsb,0.5257352941176471,0.4440789473684211,0.47435897435897434,0.48161764705882354,0.49324324324324326,0.48355263157894735,0.0,0.49074074074074076,0.47794117647058826,0.45564516129032256,0.475
